id,name,lat,lon,,,,,,,,,,,,,,,,,,,,,,,,,,,
405-1-000001,시청 앞 공영주차장,33.50021259,126.5322178,,,,,,,,,,,,,,,,,,,,,,,,,,,
405-1-000002,신제주로터리,33.47686272,126.493744,,,,,,,,,,,,,,,,,,,,,,,,,,,
405-1-000003,탑동입구 공영주차장,33.51636686,126.5249925,,,,,,,,,,,,,,,,,,,,,,,,,,,
405-1-000004,동문재래시장(노상) 공영주차장,33.51097374,126.5233644,,,,,,,,,,,,,,,,,,,,,,,,,,,
405-1-000005,도청서측,33.48822072,126.4977225,,,,,,,,,,,,,,,,,,,,,,,,,,,
405-1-000006,노형오거리,33.4879049,126.4772014,,,,,,,,,,,,,,,,,,,,,,,,,,,
405-2-000007,고산동산주차장,33.49567047,126.5314148,,,,,,,,,,,,,,,,,,,,,,,,,,,
405-2-000008,공항입구주차장,33.50368126,126.4957122,,,,,,,,,,,,,,,,,,,,,,,,,,,
405-2-000009,광양초 서측 주차장,33.50242077,126.5289226,,,,,,,,,,,,,,,,,,,,,,,,,,,
405-2-000010,동문주차빌딩,33.51155034,126.5286391,,,,,,,,,,,,,,,,,,,,,,,,,,,
405-2-000011,법원 북측,33.49472486,126.5353153,,,,,,,,,,,,,,,,,,,,,,,,,,,
405-2-000012,병문주차장,33.51136655,126.5199404,,,,,,,,,,,,,,,,,,,,,,,,,,,
405-2-000013,성신로,33.49105883,126.4860417,,,,,,,,,,,,,,,,,,,,,,,,,,,
405-2-000014,신제주공영주차장,33.48905159,126.4914888,,,,,,,,,,,,,,,,,,,,,,,,,,,
405-2-000015,용두암 주차장,33.51480245,126.511798,,,,,,,,,,,,,,,,,,,,,,,,,,,
405-2-000016,이도2동주민센터 앞,33.49678487,126.5349256,,,,,,,,,,,,,,,,,,,,,,,,,,,
405-2-000017,인제주차장,33.50482814,126.5419146,,,,,,,,,,,,,,,,,,,,,,,,,,,
405-2-000018,제일주차빌딩,33.51348259,126.5265969,,,,,,,,,,,,,,,,,,,,,,,,,,,
405-2-000019,칠성상가제1,33.51413792,126.5263674,,,,,,,,,,,,,,,,,,,,,,,,,,,
405-2-000020,칠성상가제2,33.51398964,126.5237545,,,,,,,,,,,,,,,,,,,,,,,,,,,
405-2-000021,탑동제1주차장,33.51743346,126.5237391,,,,,,,,,,,,,,,,,,,,,,,,,,,
405-2-000022,탑동제2주차장,33.51831557,126.5198385,,,,,,,,,,,,,,,,,,,,,,,,,,,
405-2-000023,동문재래시장,33.51084363,126.526068,,,,,,,,,,,,,,,,,,,,,,,,,,,
405-2-000024,칠성골,33.51651381,126.5252508,,,,,,,,,,,,,,,,,,,,,,,,,,,
405-2-000025,관덕정서측,33.51351051,126.5206198,,,,,,,,,,,,,,,,,,,,,,,,,,,
405-2-000026,노형 제1,33.486368,126.4777201,,,,,,,,,,,,,,,,,,,,,,,,,,,
405-2-000027,노형 제2,33.48729718,126.4798446,,,,,,,,,,,,,,,,,,,,,,,,,,,
405-2-000028,노형 제3,33.48959868,126.4765015,,,,,,,,,,,,,,,,,,,,,,,,,,,
405-2-000029,노형동주민센터 서측,33.48330099,126.4768484,,,,,,,,,,,,,,,,,,,,,,,,,,,
405-2-000030,북수구,33.51431641,126.5277313,,,,,,,,,,,,,,,,,,,,,,,,,,,
405-2-000031,산짓물,33.51615267,126.5290026,,,,,,,,,,,,,,,,,,,,,,,,,,,
405-2-000032,도두동 무료 주차장,33.50593309,126.4653145,,,,,,,,,,,,,,,,,,,,,,,,,,,
405-2-000033,도두동 무료 주차장,33.50433522,126.4637493,,,,,,,,,,,,,,,,,,,,,,,,,,,
405-2-000034,도두동 무료 주차장,33.49724567,126.4763957,,,,,,,,,,,,,,,,,,,,,,,,,,,
405-2-000035,삼양동 무료 주차장,33.52949611,126.5934961,,,,,,,,,,,,,,,,,,,,,,,,,,,
405-2-000036,삼양동 무료 주차장,33.52650424,126.5880652,,,,,,,,,,,,,,,,,,,,,,,,,,,
405-2-000037,삼양동 무료 주차장,33.52707448,126.5906395,,,,,,,,,,,,,,,,,,,,,,,,,,,
405-2-000038,삼양동 무료 주차장,33.52531015,126.586922,,,,,,,,,,,,,,,,,,,,,,,,,,,
405-2-000039,삼양동 무료 주차장,33.52214077,126.5849176,,,,,,,,,,,,,,,,,,,,,,,,,,,
405-2-000040,삼양동 무료 주차장,33.51958636,126.5828031,,,,,,,,,,,,,,,,,,,,,,,,,,,
405-2-000041,삼양동 무료 주차장,33.52129382,126.5849636,,,,,,,,,,,,,,,,,,,,,,,,,,,
405-2-000042,삼양동 무료 주차장,33.52841329,126.5926201,,,,,,,,,,,,,,,,,,,,,,,,,,,
405-2-000043,삼양동 무료 주차장,33.52607757,126.5870203,,,,,,,,,,,,,,,,,,,,,,,,,,,
405-2-000044,용담이동 무료 주차장,33.51230395,126.5042163,,,,,,,,,,,,,,,,,,,,,,,,,,,
405-2-000045,용담이동 무료 주차장,33.5121609,126.5043157,,,,,,,,,,,,,,,,,,,,,,,,,,,
405-2-000046,용담이동 무료 주차장,33.51574983,126.5058685,,,,,,,,,,,,,,,,,,,,,,,,,,,
405-2-000047,용담이동 무료 주차장,33.518502,126.4887999,,,,,,,,,,,,,,,,,,,,,,,,,,,
405-2-000048,용담이동 무료 주차장,33.50605356,126.5107487,,,,,,,,,,,,,,,,,,,,,,,,,,,
405-2-000049,용담이동 무료 주차장,33.51742297,126.5003289,,,,,,,,,,,,,,,,,,,,,,,,,,,
405-2-000050,삼도이동 무료 주차장,33.50872035,126.5218959,,,,,,,,,,,,,,,,,,,,,,,,,,,
405-2-000051,삼도이동 무료 주차장,33.50857613,126.5218983,,,,,,,,,,,,,,,,,,,,,,,,,,,
405-2-000052,삼도이동 무료 주차장,33.51519462,126.5182018,,,,,,,,,,,,,,,,,,,,,,,,,,,
405-2-000053,삼도이동 무료 주차장,33.51535957,126.518425,,,,,,,,,,,,,,,,,,,,,,,,,,,
405-2-000054,이도일동 무료 주차장,33.50467991,126.530122,,,,,,,,,,,,,,,,,,,,,,,,,,,
405-2-000055,이도일동 무료 주차장,33.50842285,126.5264427,,,,,,,,,,,,,,,,,,,,,,,,,,,
405-2-000056,이도일동 무료 주차장,33.50511593,126.5311586,,,,,,,,,,,,,,,,,,,,,,,,,,,
405-2-000057,이도일동 무료 주차장,33.51206773,126.5249838,,,,,,,,,,,,,,,,,,,,,,,,,,,
405-2-000058,이도일동 무료 주차장,33.50976976,126.5267427,,,,,,,,,,,,,,,,,,,,,,,,,,,
405-2-000059,오복1길,33.49675309,126.5329999,,,,,,,,,,,,,,,,,,,,,,,,,,,
405-2-000060,도남로 15길,33.49183088,126.5284667,,,,,,,,,,,,,,,,,,,,,,,,,,,
405-2-000061,이도이동 무료 주차장,33.49338897,126.5275687,,,,,,,,,,,,,,,,,,,,,,,,,,,
405-2-000062,이도이동 무료 주차장,33.49187594,126.5353202,,,,,,,,,,,,,,,,,,,,,,,,,,,
405-2-000063,이도이동 무료 주차장,33.49914948,126.5440352,,,,,,,,,,,,,,,,,,,,,,,,,,,
405-2-000064,이도이동 무료 주차장,33.49628517,126.5368924,,,,,,,,,,,,,,,,,,,,,,,,,,,
405-2-000065,이도이동 무료 주차장,33.48964724,126.531355,,,,,,,,,,,,,,,,,,,,,,,,,,,
405-2-000066,이도이동 무료 주차장,33.4904382,126.5197745,,,,,,,,,,,,,,,,,,,,,,,,,,,
405-2-000067,이도이동 무료 주차장,33.48828924,126.5210161,,,,,,,,,,,,,,,,,,,,,,,,,,,
405-2-000068,이도이동 무료 주차장,33.49144787,126.5227917,,,,,,,,,,,,,,,,,,,,,,,,,,,
405-2-000069,이도이동 무료 주차장,33.48914471,126.5224434,,,,,,,,,,,,,,,,,,,,,,,,,,,
405-2-000070,이도이동 무료 주차장,33.48914231,126.5237562,,,,,,,,,,,,,,,,,,,,,,,,,,,
405-2-000071,이도이동 무료 주차장,33.49172786,126.5220768,,,,,,,,,,,,,,,,,,,,,,,,,,,
405-2-000072,이도이동 무료 주차장,33.48801961,126.5248727,,,,,,,,,,,,,,,,,,,,,,,,,,,
405-2-000073,이도이동 무료 주차장,33.49063288,126.5247639,,,,,,,,,,,,,,,,,,,,,,,,,,,
405-2-000074,이도이동 무료 주차장,33.48913439,126.5276407,,,,,,,,,,,,,,,,,,,,,,,,,,,
405-2-000075,이도이동 무료 주차장,33.49048566,126.5267893,,,,,,,,,,,,,,,,,,,,,,,,,,,
405-2-000076,용담일동 무료 주차장,33.51044523,126.5168512,,,,,,,,,,,,,,,,,,,,,,,,,,,
405-2-000077,용담일동 무료 주차장,33.50997766,126.5154493,,,,,,,,,,,,,,,,,,,,,,,,,,,
405-2-000078,용담일동 무료 주차장,33.5106877,126.5160184,,,,,,,,,,,,,,,,,,,,,,,,,,,
405-2-000079,용담일동 무료 주차장,33.50948255,126.516265,,,,,,,,,,,,,,,,,,,,,,,,,,,
405-2-000080,용담일동 무료 주차장,33.50964287,126.5161008,,,,,,,,,,,,,,,,,,,,,,,,,,,
405-2-000081,연동 무료 주차장,33.48318911,126.4950118,,,,,,,,,,,,,,,,,,,,,,,,,,,
405-2-000082,연동 무료 주차장,33.48116032,126.4905389,,,,,,,,,,,,,,,,,,,,,,,,,,,
405-2-000083,연동 국기로 제2 공영주차장,33.47867251,126.490582,,,,,,,,,,,,,,,,,,,,,,,,,,,
405-2-000084,연동 무료 주차장,33.47991747,126.4913888,,,,,,,,,,,,,,,,,,,,,,,,,,,
405-2-000085,연동 국기로 제1 공영주차장,33.47837204,126.4903397,,,,,,,,,,,,,,,,,,,,,,,,,,,
405-2-000086,연동 연화로 공영주차장,33.47781539,126.4897899,,,,,,,,,,,,,,,,,,,,,,,,,,,
405-2-000087,연동 무료 주차장,33.49158174,126.4823527,,,,,,,,,,,,,,,,,,,,,,,,,,,
405-2-000088,연동 도령북길,33.49356068,126.4871496,,,,,,,,,,,,,,,,,,,,,,,,,,,
405-2-000089,연동 무료 주차장,33.49337545,126.4852697,,,,,,,,,,,,,,,,,,,,,,,,,,,
405-2-000090,일도이동 무료 주차장,33.5000217,126.5456647,,,,,,,,,,,,,,,,,,,,,,,,,,,
405-2-000091,일도이동 무료 주차장,33.50481997,126.5343383,,,,,,,,,,,,,,,,,,,,,,,,,,,
405-2-000092,외도동 무료 주차장,33.49174014,126.4298943,,,,,,,,,,,,,,,,,,,,,,,,,,,
405-2-000093,외도동 무료 주차장,33.49059192,126.4282149,,,,,,,,,,,,,,,,,,,,,,,,,,,
405-2-000094,외도동 무료 주차장,33.49167477,126.4318538,,,,,,,,,,,,,,,,,,,,,,,,,,,
405-2-000095,외도동 무료 주차장,33.49127778,126.4339699,,,,,,,,,,,,,,,,,,,,,,,,,,,
405-2-000096,외도동 무료 주차장,33.48992583,126.4325739,,,,,,,,,,,,,,,,,,,,,,,,,,,
405-2-000097,외도동 무료 주차장,33.48863871,126.4284654,,,,,,,,,,,,,,,,,,,,,,,,,,,
405-2-000098,외도동 무료 주차장,33.48767628,126.4293543,,,,,,,,,,,,,,,,,,,,,,,,,,,
405-2-000099,외도동 무료 주차장,33.48782513,126.4297174,,,,,,,,,,,,,,,,,,,,,,,,,,,
405-2-000100,외도동 무료 주차장,33.48851619,126.4334775,,,,,,,,,,,,,,,,,,,,,,,,,,,
405-2-000101,외도동 무료 주차장,33.48687094,126.4291213,,,,,,,,,,,,,,,,,,,,,,,,,,,
405-2-000102,외도동 제1,33.48674205,126.4317597,,,,,,,,,,,,,,,,,,,,,,,,,,,
405-2-000103,외도동 무료 주차장,33.48568077,126.4284004,,,,,,,,,,,,,,,,,,,,,,,,,,,
405-2-000104,외도동 무료 주차장,33.49280333,126.4326943,,,,,,,,,,,,,,,,,,,,,,,,,,,
405-2-000105,원노형 푸른 제1 공영주차장,33.48232512,126.484031,,,,,,,,,,,,,,,,,,,,,,,,,,,
405-2-000106,원노형 푸른 제5 공영주차장,33.47886632,126.4798738,,,,,,,,,,,,,,,,,,,,,,,,,,,
405-2-000107,원노형 푸른 제4 공영주차장,33.47774893,126.4798488,,,,,,,,,,,,,,,,,,,,,,,,,,,
405-2-000108,노형동 무료 주차장,33.48888037,126.4826257,,,,,,,,,,,,,,,,,,,,,,,,,,,
405-2-000109,노형동 무료 주차장,33.48729718,126.4798218,,,,,,,,,,,,,,,,,,,,,,,,,,,
405-2-000110,노형동 무료 주차장,33.48959868,126.4765015,,,,,,,,,,,,,,,,,,,,,,,,,,,
405-2-000111,노형동 무료 주차장,33.486368,126.4777201,,,,,,,,,,,,,,,,,,,,,,,,,,,
405-2-000112,종남 공영주차장,33.48415383,126.4714216,,,,,,,,,,,,,,,,,,,,,,,,,,,
405-2-000113,웅전 공영주차장,33.48250047,126.4718702,,,,,,,,,,,,,,,,,,,,,,,,,,,
405-2-000115,수덕 공영주차장,33.48386668,126.4744607,,,,,,,,,,,,,,,,,,,,,,,,,,,
405-2-000116,서가름 공영주차장,33.49062142,126.4731588,,,,,,,,,,,,,,,,,,,,,,,,,,,
405-2-000117,노형동 무료 주차장,33.4889675,126.4750277,,,,,,,,,,,,,,,,,,,,,,,,,,,
405-2-000118,노형동 무료 주차장,33.48356077,126.4701194,,,,,,,,,,,,,,,,,,,,,,,,,,,
405-2-000119,노형동 무료 주차장,33.48194109,126.471837,,,,,,,,,,,,,,,,,,,,,,,,,,,
405-2-000120,건입동 무료 주차장,33.51542803,126.5424581,,,,,,,,,,,,,,,,,,,,,,,,,,,
405-2-000121,건입동 무료 주차장,33.51532136,126.5311262,,,,,,,,,,,,,,,,,,,,,,,,,,,
405-2-000122,건입동 무료 주차장,33.51628294,126.5354368,,,,,,,,,,,,,,,,,,,,,,,,,,,
405-2-000123,이호동 무료 주차장,33.49752892,126.449582,,,,,,,,,,,,,,,,,,,,,,,,,,,
405-2-000124,이호동 무료 주차장,33.49707009,126.4522666,,,,,,,,,,,,,,,,,,,,,,,,,,,
405-2-000125,화북동 무료 주차장,33.51978258,126.5734602,,,,,,,,,,,,,,,,,,,,,,,,,,,
405-2-000126,화북동 무료 주차장,33.51793512,126.5766657,,,,,,,,,,,,,,,,,,,,,,,,,,,
405-2-000127,연동 무료 주차장,33.49046625,126.4951335,,,,,,,,,,,,,,,,,,,,,,,,,,,
405-2-000128,화북동 무료 주차장,33.5245108,126.5659875,,,,,,,,,,,,,,,,,,,,,,,,,,,
405-2-000129,일도이동 무료 주차장,33.51289712,126.5350202,,,,,,,,,,,,,,,,,,,,,,,,,,,
405-2-000130,화북동 무료 주차장,33.5195859,126.5689103,,,,,,,,,,,,,,,,,,,,,,,,,,,
405-2-000131,화북동 무료 주차장,33.52231067,126.5628483,,,,,,,,,,,,,,,,,,,,,,,,,,,
405-2-000132,화북동 무료 주차장,33.52217384,126.5650465,,,,,,,,,,,,,,,,,,,,,,,,,,,
405-2-000133,화북동 무료 주차장,33.51424737,126.5625725,,,,,,,,,,,,,,,,,,,,,,,,,,,
405-2-000134,삼도일동 무료 주차장,33.49970056,126.5162703,,,,,,,,,,,,,,,,,,,,,,,,,,,
405-2-000135,삼도일동 무료 주차장,33.50137232,126.5196101,,,,,,,,,,,,,,,,,,,,,,,,,,,
405-2-000136,삼양동 무료 주차장,33.50883359,126.5880937,,,,,,,,,,,,,,,,,,,,,,,,,,,
405-2-000137,연동 무료 주차장,33.46958675,126.493244,,,,,,,,,,,,,,,,,,,,,,,,,,,
405-2-000138,연동 무료 주차장,33.48853364,126.4968498,,,,,,,,,,,,,,,,,,,,,,,,,,,
405-2-000139,연동 무료 주차장,33.4829666,126.497854,,,,,,,,,,,,,,,,,,,,,,,,,,,
405-2-000140,오라동 무료 주차장,33.4975411,126.5158767,,,,,,,,,,,,,,,,,,,,,,,,,,,
405-2-000141,일도이동 무료 주차장,33.5115045,126.5381342,,,,,,,,,,,,,,,,,,,,,,,,,,,
405-2-000142,노형동 무료 주차장,33.4831631,126.4773673,,,,,,,,,,,,,,,,,,,,,,,,,,,
405-2-000143,화북동 무료 주차장,33.51927361,126.5645131,,,,,,,,,,,,,,,,,,,,,,,,,,,
405-2-000144,이도이동 무료 주차장,33.49775874,126.5425925,,,,,,,,,,,,,,,,,,,,,,,,,,,
405-2-000145,봉개동 무료 주차장,33.44004881,126.6252034,,,,,,,,,,,,,,,,,,,,,,,,,,,
405-2-000146,건입동 무료 주차장,33.52004074,126.5342262,,,,,,,,,,,,,,,,,,,,,,,,,,,
405-2-000147,오라동 무료 주차장,33.46593384,126.5130266,,,,,,,,,,,,,,,,,,,,,,,,,,,
405-2-000148,건입동 무료 주차장,33.51604715,126.530748,,,,,,,,,,,,,,,,,,,,,,,,,,,
405-2-000149,이도이동 무료 주차장,33.49949149,126.5442746,,,,,,,,,,,,,,,,,,,,,,,,,,,
405-2-000150,모로왓 제1 공영주차장,33.51065194,126.5441847,,,,,,,,,,,,,,,,,,,,,,,,,,,
405-2-000151,이도이동 무료 주차장,33.48749422,126.5330268,,,,,,,,,,,,,,,,,,,,,,,,,,,
405-2-000152,이도이동 무료 주차장,33.48878399,126.5330696,,,,,,,,,,,,,,,,,,,,,,,,,,,
405-2-000153,이도이동 무료 주차장,33.48842955,126.534356,,,,,,,,,,,,,,,,,,,,,,,,,,,
405-2-000154,이도이동 무료 주차장,33.48694314,126.5352202,,,,,,,,,,,,,,,,,,,,,,,,,,,
405-2-000155,이도이동 무료 주차장,33.49023692,126.5354769,,,,,,,,,,,,,,,,,,,,,,,,,,,
405-2-000156,이도이동 무료 주차장,33.49038356,126.5364428,,,,,,,,,,,,,,,,,,,,,,,,,,,
405-2-000157,이도이동 무료 주차장,33.48884636,126.5360598,,,,,,,,,,,,,,,,,,,,,,,,,,,
405-2-000158,이도이동 무료 주차장,33.48929222,126.5379353,,,,,,,,,,,,,,,,,,,,,,,,,,,
405-2-000159,이도이동 무료 주차장,33.48657445,126.5375936,,,,,,,,,,,,,,,,,,,,,,,,,,,
405-2-000160,이도이동 무료 주차장,33.48840668,126.5385312,,,,,,,,,,,,,,,,,,,,,,,,,,,
405-2-000161,이도이동 무료 주차장,33.49171076,126.5381314,,,,,,,,,,,,,,,,,,,,,,,,,,,
405-2-000162,이도이동 무료 주차장,33.49273618,126.5386953,,,,,,,,,,,,,,,,,,,,,,,,,,,
405-2-000163,이도이동 무료 주차장,33.4911772,126.5410564,,,,,,,,,,,,,,,,,,,,,,,,,,,
405-2-000164,이도2동 중앙,33.4891129,126.5403163,,,,,,,,,,,,,,,,,,,,,,,,,,,
405-2-000165,이도이동 무료 주차장,33.4905737,126.5426375,,,,,,,,,,,,,,,,,,,,,,,,,,,
405-2-000166,이도이동 무료 주차장,33.4904315,126.542812,,,,,,,,,,,,,,,,,,,,,,,,,,,
405-2-000167,아라동 무료 주차장,33.4929127,126.5414362,,,,,,,,,,,,,,,,,,,,,,,,,,,
405-2-000168,아라동 무료 주차장,33.49198523,126.5423018,,,,,,,,,,,,,,,,,,,,,,,,,,,
405-2-000170,아라동 무료 주차장,33.49270897,126.5432796,,,,,,,,,,,,,,,,,,,,,,,,,,,
405-2-000171,이도이동 무료 주차장,33.49458582,126.5426457,,,,,,,,,,,,,,,,,,,,,,,,,,,
405-2-000172,아라동 무료 주차장,33.49163916,126.544309,,,,,,,,,,,,,,,,,,,,,,,,,,,
405-2-000173,이도이동 무료 주차장,33.49478575,126.545085,,,,,,,,,,,,,,,,,,,,,,,,,,,
405-2-000174,이도이동 무료 주차장,33.4939987,126.5456254,,,,,,,,,,,,,,,,,,,,,,,,,,,
405-2-000175,이도이동 무료 주차장,33.4943981,126.5473942,,,,,,,,,,,,,,,,,,,,,,,,,,,
405-2-000176,용담이동 무료 주차장,33.5048175,126.510673,,,,,,,,,,,,,,,,,,,,,,,,,,,
405-2-000177,삼도일동 무료 주차장,33.50412432,126.5160227,,,,,,,,,,,,,,,,,,,,,,,,,,,
405-2-000178,화북동 무료 주차장,33.52307753,126.5644503,,,,,,,,,,,,,,,,,,,,,,,,,,,
405-2-000179,일도이동 무료 주차장,33.50999575,126.5305919,,,,,,,,,,,,,,,,,,,,,,,,,,,
405-2-000180,삼양동 무료 주차장,33.52282452,126.5863704,,,,,,,,,,,,,,,,,,,,,,,,,,,
405-2-000181,건입동 무료 주차장,33.5148549,126.5343738,,,,,,,,,,,,,,,,,,,,,,,,,,,
405-2-000182,화북동 무료 주차장,33.52500429,126.5642247,,,,,,,,,,,,,,,,,,,,,,,,,,,
405-2-000183,원노형 푸른 제3 공영주차장,33.47918643,126.4817187,,,,,,,,,,,,,,,,,,,,,,,,,,,
405-2-000184,일도이동 무료 주차장,33.51263712,126.5366713,,,,,,,,,,,,,,,,,,,,,,,,,,,
405-2-000185,화북동 무료 주차장,33.50836251,126.5612276,,,,,,,,,,,,,,,,,,,,,,,,,,,
405-2-000186,모로왓 제2 공영주차장,33.51129653,126.5437973,,,,,,,,,,,,,,,,,,,,,,,,,,,
405-2-000187,오라동 무료 주차장,33.48953081,126.5125054,,,,,,,,,,,,,,,,,,,,,,,,,,,
405-2-000188,일도이동 무료 주차장,33.49945666,126.5466857,,,,,,,,,,,,,,,,,,,,,,,,,,,
405-2-000189,일도이동 무료 주차장,33.50736212,126.530763,,,,,,,,,,,,,,,,,,,,,,,,,,,
405-2-000190,이도이동 무료 주차장,33.4980277,126.5263841,,,,,,,,,,,,,,,,,,,,,,,,,,,
405-2-000191,삼도이동 무료 주차장,33.51657014,126.5171235,,,,,,,,,,,,,,,,,,,,,,,,,,,
405-2-000192,일도이동 무료 주차장,33.4994758,126.5494403,,,,,,,,,,,,,,,,,,,,,,,,,,,
405-2-000193,용담이동 무료 주차장,33.51166204,126.5122363,,,,,,,,,,,,,,,,,,,,,,,,,,,
405-2-000194,이도일동 무료 주차장,33.5073647,126.5254059,,,,,,,,,,,,,,,,,,,,,,,,,,,
405-2-000195,이도이동 무료 주차장,33.497466,126.5256513,,,,,,,,,,,,,,,,,,,,,,,,,,,
405-2-000196,일도이동 무료 주차장,33.51231847,126.5339242,,,,,,,,,,,,,,,,,,,,,,,,,,,
405-2-000197,이도이동 무료 주차장,33.49703931,126.5512133,,,,,,,,,,,,,,,,,,,,,,,,,,,
405-2-000198,이도일동 무료 주차장,33.50781956,126.5265067,,,,,,,,,,,,,,,,,,,,,,,,,,,
405-2-000199,용담일동 무료 주차장,33.50627408,126.512596,,,,,,,,,,,,,,,,,,,,,,,,,,,
405-2-000200,건입동 무료 주차장,33.5159603,126.5328047,,,,,,,,,,,,,,,,,,,,,,,,,,,
405-2-000201,이도이동 무료 주차장,33.49999003,126.538369,,,,,,,,,,,,,,,,,,,,,,,,,,,
405-2-000202,일도이동 무료 주차장,33.49998666,126.5472902,,,,,,,,,,,,,,,,,,,,,,,,,,,
405-2-000203,용담이동 무료 주차장,33.50056573,126.4967776,,,,,,,,,,,,,,,,,,,,,,,,,,,
405-2-000204,화북동 무료 주차장,33.52343887,126.5660697,,,,,,,,,,,,,,,,,,,,,,,,,,,
405-2-000205,일도이동 무료 주차장,33.510393,126.530639,,,,,,,,,,,,,,,,,,,,,,,,,,,
405-2-000206,일도이동 무료 주차장,33.51026652,126.5328784,,,,,,,,,,,,,,,,,,,,,,,,,,,
405-2-000207,이도이동 무료 주차장,33.49612952,126.5366906,,,,,,,,,,,,,,,,,,,,,,,,,,,
405-2-000208,용담이동 무료 주차장,33.50262583,126.5046087,,,,,,,,,,,,,,,,,,,,,,,,,,,
405-2-000209,삼도일동 무료 주차장,33.50418586,126.5173992,,,,,,,,,,,,,,,,,,,,,,,,,,,
405-2-000210,초남 공영주차장,33.48416157,126.4786517,,,,,,,,,,,,,,,,,,,,,,,,,,,
405-2-000211,노형동 무료 주차장,33.48330099,126.4768484,,,,,,,,,,,,,,,,,,,,,,,,,,,
405-2-000212,노형동 무료 주차장,33.48161587,126.4754469,,,,,,,,,,,,,,,,,,,,,,,,,,,
405-2-000213,노형동 무료 주차장,33.48053892,126.4773163,,,,,,,,,,,,,,,,,,,,,,,,,,,
405-2-000214,노형동 무료 주차장,33.4779003,126.4768245,,,,,,,,,,,,,,,,,,,,,,,,,,,
405-2-000215,아라동 무료 주차장,33.47631491,126.5406921,,,,,,,,,,,,,,,,,,,,,,,,,,,
405-2-000217,아라동 무료 주차장,33.4718017,126.5402405,,,,,,,,,,,,,,,,,,,,,,,,,,,
405-2-000218,아라동 무료 주차장,33.47522557,126.5438948,,,,,,,,,,,,,,,,,,,,,,,,,,,
405-2-000219,아라동 무료 주차장,33.473773,126.5445753,,,,,,,,,,,,,,,,,,,,,,,,,,,
405-2-000220,아라동 무료 주차장,33.47533482,126.546292,,,,,,,,,,,,,,,,,,,,,,,,,,,
405-2-000221,아라동 무료 주차장,33.47680385,126.5477845,,,,,,,,,,,,,,,,,,,,,,,,,,,
405-2-000222,아라동 무료 주차장,33.47526924,126.548391,,,,,,,,,,,,,,,,,,,,,,,,,,,
405-2-000223,아라동 무료 주차장,33.47426176,126.5501291,,,,,,,,,,,,,,,,,,,,,,,,,,,
405-2-000224,아라동 무료 주차장,33.47381203,126.549448,,,,,,,,,,,,,,,,,,,,,,,,,,,
405-2-000225,아라동 무료 주차장,33.47291461,126.5490327,,,,,,,,,,,,,,,,,,,,,,,,,,,
405-2-000226,아라동 무료 주차장,33.47143696,126.5476746,,,,,,,,,,,,,,,,,,,,,,,,,,,
405-2-000227,아라동 무료 주차장,33.47235707,126.5506987,,,,,,,,,,,,,,,,,,,,,,,,,,,
405-2-000228,아라동 무료 주차장,33.47034482,126.546698,,,,,,,,,,,,,,,,,,,,,,,,,,,
405-2-000229,아라동 무료 주차장,33.4711937,126.5429724,,,,,,,,,,,,,,,,,,,,,,,,,,,
405-2-000230,아라동 무료 주차장,33.47120691,126.5402612,,,,,,,,,,,,,,,,,,,,,,,,,,,
405-2-000231,아라동 무료 주차장,33.46950226,126.5425059,,,,,,,,,,,,,,,,,,,,,,,,,,,
405-2-000232,아라동 무료 주차장,33.47220713,126.5440528,,,,,,,,,,,,,,,,,,,,,,,,,,,
405-2-000233,아라동 무료 주차장,33.47033322,126.5441701,,,,,,,,,,,,,,,,,,,,,,,,,,,
405-2-000234,아라동 무료 주차장,33.47632366,126.5449898,,,,,,,,,,,,,,,,,,,,,,,,,,,
405-2-000235,이도일동 무료 주차장,33.50462991,126.5266683,,,,,,,,,,,,,,,,,,,,,,,,,,,
405-2-000236,일도이동 무료 주차장,33.51357646,126.5391095,,,,,,,,,,,,,,,,,,,,,,,,,,,
405-2-000237,건입동 무료 주차장,33.5144338,126.5391812,,,,,,,,,,,,,,,,,,,,,,,,,,,
405-2-000238,봉개동 무료 주차장,33.48450209,126.6074357,,,,,,,,,,,,,,,,,,,,,,,,,,,
405-2-000239,건입동 무료 주차장,33.51607384,126.5360538,,,,,,,,,,,,,,,,,,,,,,,,,,,
405-2-000240,용담일동 무료 주차장,33.50926078,126.5135566,,,,,,,,,,,,,,,,,,,,,,,,,,,
405-2-000241,건입동 무료 주차장,33.514536,126.5394378,,,,,,,,,,,,,,,,,,,,,,,,,,,
405-2-000242,삼도일동 무료 주차장,33.50145306,126.5195765,,,,,,,,,,,,,,,,,,,,,,,,,,,
405-2-000243,용담일동 무료 주차장,33.50926078,126.5135566,,,,,,,,,,,,,,,,,,,,,,,,,,,
405-2-000244,건입동 무료 주차장,33.514536,126.5394378,,,,,,,,,,,,,,,,,,,,,,,,,,,
405-2-000245,삼도일동 무료 주차장,33.50145306,126.5195765,,,,,,,,,,,,,,,,,,,,,,,,,,,
405-2-000246,이도일동 무료 주차장,33.50880872,126.5270496,,,,,,,,,,,,,,,,,,,,,,,,,,,
405-2-000247,봉개동 무료 주차장,33.49045122,126.5953214,,,,,,,,,,,,,,,,,,,,,,,,,,,
405-2-000248,화북동 무료 주차장,33.51173226,126.5610427,,,,,,,,,,,,,,,,,,,,,,,,,,,
405-2-000249,화북동 무료 주차장,33.5119004,126.5607709,,,,,,,,,,,,,,,,,,,,,,,,,,,
405-2-000250,봉개동 무료 주차장,33.49056195,126.5955455,,,,,,,,,,,,,,,,,,,,,,,,,,,
405-2-000251,도두동 무료 주차장,33.50282923,126.4680912,,,,,,,,,,,,,,,,,,,,,,,,,,,
405-2-000252,건입동 무료 주차장,33.51500978,126.5307009,,,,,,,,,,,,,,,,,,,,,,,,,,,
405-2-000253,일도이동 무료 주차장,33.51263712,126.5366713,,,,,,,,,,,,,,,,,,,,,,,,,,,
405-2-000254,구좌읍 무료 주차장,33.55778337,126.748646,,,,,,,,,,,,,,,,,,,,,,,,,,,
405-2-000255,구좌읍 무료 주차장,33.52618605,126.8572998,,,,,,,,,,,,,,,,,,,,,,,,,,,
405-2-000256,구좌읍 무료 주차장,33.52496519,126.8530852,,,,,,,,,,,,,,,,,,,,,,,,,,,
405-2-000257,구좌읍 무료 주차장,33.52689046,126.8562701,,,,,,,,,,,,,,,,,,,,,,,,,,,
405-2-000258,구좌읍 무료 주차장,33.55840232,126.7627013,,,,,,,,,,,,,,,,,,,,,,,,,,,
405-2-000259,구좌읍 무료 주차장,33.55760631,126.7944593,,,,,,,,,,,,,,,,,,,,,,,,,,,
405-2-000260,구좌읍 무료 주차장,33.52829701,126.7698688,,,,,,,,,,,,,,,,,,,,,,,,,,,
405-2-000261,구좌읍 무료 주차장,33.52411965,126.8640765,,,,,,,,,,,,,,,,,,,,,,,,,,,
405-2-000262,구좌읍 무료 주차장,33.491229,126.8102483,,,,,,,,,,,,,,,,,,,,,,,,,,,
405-2-000263,애월읍 무료 주차장,33.479628,126.4033243,,,,,,,,,,,,,,,,,,,,,,,,,,,
405-2-000264,애월읍 무료 주차장,33.46511037,126.316515,,,,,,,,,,,,,,,,,,,,,,,,,,,
405-2-000265,애월읍 무료 주차장,33.45259081,126.4090892,,,,,,,,,,,,,,,,,,,,,,,,,,,
405-2-000266,한림읍 무료 주차장,33.38926929,126.2320651,,,,,,,,,,,,,,,,,,,,,,,,,,,
405-2-000267,한림읍 무료 주차장,33.39100169,126.2378283,,,,,,,,,,,,,,,,,,,,,,,,,,,
405-2-000268,우도면 무료 주차장,33.50935083,126.9617935,,,,,,,,,,,,,,,,,,,,,,,,,,,
405-2-000269,우도면 무료 주차장,33.49853501,126.9676478,,,,,,,,,,,,,,,,,,,,,,,,,,,
405-2-000270,우도면 무료 주차장,33.5122528,126.9594878,,,,,,,,,,,,,,,,,,,,,,,,,,,
405-2-000271,조천읍 무료 주차장,33.53464472,126.6159777,,,,,,,,,,,,,,,,,,,,,,,,,,,
405-2-000272,조천읍 무료 주차장,33.54193876,126.6343994,,,,,,,,,,,,,,,,,,,,,,,,,,,
405-2-000273,조천읍 무료 주차장,33.53831185,126.6676081,,,,,,,,,,,,,,,,,,,,,,,,,,,
405-2-000274,조천읍 무료 주차장,33.54133227,126.6692952,,,,,,,,,,,,,,,,,,,,,,,,,,,
405-2-000275,조천읍 무료 주차장,33.54240429,126.6662095,,,,,,,,,,,,,,,,,,,,,,,,,,,
405-2-000276,추자면 무료 주차장,33.9623854,126.297799,,,,,,,,,,,,,,,,,,,,,,,,,,,
405-2-000277,추자면 무료 주차장,33.94540781,126.3278717,,,,,,,,,,,,,,,,,,,,,,,,,,,
405-2-000278,한경면 무료 주차장,33.34946861,126.1847022,,,,,,,,,,,,,,,,,,,,,,,,,,,
405-2-000279,우도면 무료 주차장,33.50797991,126.9537438,,,,,,,,,,,,,,,,,,,,,,,,,,,
405-2-000280,조천읍 무료 주차장,33.54103129,126.6407252,,,,,,,,,,,,,,,,,,,,,,,,,,,
405-2-000281,조천읍 무료 주차장,33.54025239,126.667962,,,,,,,,,,,,,,,,,,,,,,,,,,,
405-2-000282,한경면 무료 주차장,33.32627393,126.2096898,,,,,,,,,,,,,,,,,,,,,,,,,,,
405-2-000283,한림읍 무료 주차장,33.42077283,126.2733344,,,,,,,,,,,,,,,,,,,,,,,,,,,
405-2-000284,조천읍 무료 주차장,33.3844995,126.6194071,,,,,,,,,,,,,,,,,,,,,,,,,,,
405-2-000285,한림읍 무료 주차장,33.41120421,126.268568,,,,,,,,,,,,,,,,,,,,,,,,,,,
405-2-000286,애월읍 무료 주차장,33.47001976,126.3410863,,,,,,,,,,,,,,,,,,,,,,,,,,,
405-2-000287,애월읍 무료 주차장,33.48621986,126.4197401,,,,,,,,,,,,,,,,,,,,,,,,,,,
405-2-000288,애월읍 무료 주차장,33.48602495,126.4193025,,,,,,,,,,,,,,,,,,,,,,,,,,,
405-2-000289,애월읍 무료 주차장,33.48071801,126.4146113,,,,,,,,,,,,,,,,,,,,,,,,,,,
405-2-000290,애월읍 무료 주차장,33.4808982,126.4153073,,,,,,,,,,,,,,,,,,,,,,,,,,,
405-2-000291,애월읍 무료 주차장,33.48634542,126.416155,,,,,,,,,,,,,,,,,,,,,,,,,,,
405-2-000292,애월읍 무료 주차장,33.48319226,126.4170408,,,,,,,,,,,,,,,,,,,,,,,,,,,
405-2-000293,애월읍 무료 주차장,33.48604725,126.413987,,,,,,,,,,,,,,,,,,,,,,,,,,,
405-2-000294,애월읍 무료 주차장,33.48494369,126.4129958,,,,,,,,,,,,,,,,,,,,,,,,,,,
405-2-000295,애월읍 무료 주차장,33.48372425,126.4128136,,,,,,,,,,,,,,,,,,,,,,,,,,,
405-2-000296,애월읍 무료 주차장,33.48198755,126.4130711,,,,,,,,,,,,,,,,,,,,,,,,,,,
405-2-000297,애월읍 무료 주차장,33.48146689,126.4139521,,,,,,,,,,,,,,,,,,,,,,,,,,,
405-2-000298,애월읍 무료 주차장,33.48122043,126.4144192,,,,,,,,,,,,,,,,,,,,,,,,,,,
405-2-000299,애월읍 무료 주차장,33.48510206,126.4155105,,,,,,,,,,,,,,,,,,,,,,,,,,,
405-2-000300,애월읍 무료 주차장,33.48323786,126.4149635,,,,,,,,,,,,,,,,,,,,,,,,,,,
405-2-000301,애월읍 무료 주차장,33.48365786,126.4141941,,,,,,,,,,,,,,,,,,,,,,,,,,,
405-2-000302,애월읍 무료 주차장,33.48388917,126.4151345,,,,,,,,,,,,,,,,,,,,,,,,,,,
405-2-000303,애월읍 무료 주차장,33.48447584,126.4165978,,,,,,,,,,,,,,,,,,,,,,,,,,,
405-2-000304,애월읍 무료 주차장,33.48440922,126.4170294,,,,,,,,,,,,,,,,,,,,,,,,,,,
405-2-000305,한림읍 무료 주차장,33.41574331,126.2656506,,,,,,,,,,,,,,,,,,,,,,,,,,,
405-2-000306,한림읍 무료 주차장,33.41297453,126.2623516,,,,,,,,,,,,,,,,,,,,,,,,,,,
405-2-000307,조천읍 무료 주차장,33.53904875,126.6375263,,,,,,,,,,,,,,,,,,,,,,,,,,,
405-2-000308,조천읍 무료 주차장,33.53889373,126.6373673,,,,,,,,,,,,,,,,,,,,,,,,,,,
405-2-000309,조천읍 무료 주차장,33.5404772,126.6736364,,,,,,,,,,,,,,,,,,,,,,,,,,,
405-2-000310,조천읍 무료 주차장,33.54247647,126.6725831,,,,,,,,,,,,,,,,,,,,,,,,,,,
405-2-000311,조천읍 무료 주차장,33.54481717,126.6622002,,,,,,,,,,,,,,,,,,,,,,,,,,,
405-2-000312,구좌읍 무료 주차장,33.52470494,126.8561459,,,,,,,,,,,,,,,,,,,,,,,,,,,
405-2-000313,구좌읍 무료 주차장,33.52448403,126.8566332,,,,,,,,,,,,,,,,,,,,,,,,,,,
405-2-000314,구좌읍 무료 주차장,33.540234,126.8168984,,,,,,,,,,,,,,,,,,,,,,,,,,,
405-2-000315,조천읍 무료 주차장,33.54260141,126.6724627,,,,,,,,,,,,,,,,,,,,,,,,,,,
405-2-000316,조천읍 무료 주차장,33.54481717,126.6622002,,,,,,,,,,,,,,,,,,,,,,,,,,,
405-2-000317,구좌읍 무료 주차장,33.52470494,126.8561459,,,,,,,,,,,,,,,,,,,,,,,,,,,
405-2-000318,구좌읍 무료 주차장,33.51905671,126.8833998,,,,,,,,,,,,,,,,,,,,,,,,,,,
405-2-000319,삼도이동 무료 주차장,33.516744,126.516913,,,,,,,,,,,,,,,,,,,,,,,,,,,
405-2-000320,용담이동 무료 주차장,33.505208,126.507003,,,,,,,,,,,,,,,,,,,,,,,,,,,
405-2-000321,용담이동 무료 주차장,33.514911,126.504219,,,,,,,,,,,,,,,,,,,,,,,,,,,
405-2-000322,이도이동 무료 주차장,33.49540366,126.5298805,,,,,,,,,,,,,,,,,,,,,,,,,,,
405-2-000323,이도이동 무료 주차장,33.496484,126.529634,,,,,,,,,,,,,,,,,,,,,,,,,,,
405-2-000324,도두동 무료 주차장,33.49724567,126.4763957,,,,,,,,,,,,,,,,,,,,,,,,,,,
405-2-000325,외도동 무료 주차장,33.48851619,126.4334775,,,,,,,,,,,,,,,,,,,,,,,,,,,
405-2-000326,노형 제4,33.489095,126.475068,,,,,,,,,,,,,,,,,,,,,,,,,,,
405-2-000327,성내,33.512175,126.520092,,,,,,,,,,,,,,,,,,,,,,,,,,,
405-2-000329,월랑마을 제2 공한지,33.487001,126.478743,,,,,,,,,,,,,,,,,,,,,,,,,,,
405-2-000330,일도이동 무료 주차장,33.509966,126.531415,,,,,,,,,,,,,,,,,,,,,,,,,,,
405-2-000331,일도이동 무료 주차장,33.510325,126.5307899,,,,,,,,,,,,,,,,,,,,,,,,,,,
405-2-000332,아라동 무료 주차장,33.478265,126.552891,,,,,,,,,,,,,,,,,,,,,,,,,,,
405-2-000333,건입동 무료 주차장,33.517664,126.540213,,,,,,,,,,,,,,,,,,,,,,,,,,,
405-2-000335,삼도이동 무료 주차장,33.515298,126.518711,,,,,,,,,,,,,,,,,,,,,,,,,,,
405-2-000336,건입동 무료 주차장,33.515466,126.5313994,,,,,,,,,,,,,,,,,,,,,,,,,,,
405-2-000337,이호동 무료 주차장,33.49422407,126.460708,,,,,,,,,,,,,,,,,,,,,,,,,,,
405-2-000340,한경면 무료 주차장,33.364599,126.200386,,,,,,,,,,,,,,,,,,,,,,,,,,,
405-2-000341,조천읍 무료 주차장,33.548269,126.650334,,,,,,,,,,,,,,,,,,,,,,,,,,,
405-2-000342,애월읍 무료 주차장,33.463215,126.334189,,,,,,,,,,,,,,,,,,,,,,,,,,,
405-2-000343,신성로 10길 공영주차장,33.49584978,126.5296119,,,,,,,,,,,,,,,,,,,,,,,,,,,
